"id_invoice","tanggal","cabang_sales","nama_customer","group","nama_barang","brand","jumlah_barang","unit","harga"
"IN5978","2022-05-25","Bekasi","APOTEK SINAR JAYA","Apotek","ACYCLOVIR DUS","OGB & PH",9,"DUS",1169.91
"IN5979","2022-03-28","Kuningan","APOTEK MAJA","Apotek","AMBROXOL HC","VNS",18,"DUS",5780.7
"IN5980","2022-01-23","Aceh","APOTEK TAPAK","Apotek","AMPICILLIN","MARCKS",20,"DUS",10690.6
"IN5981","2022-01-28","Bandung","APOTEK MERDEKA","Apotek","TRAMADOL KAPSUL 50 MG","VNS",76,"DUS",8700.7
"IN5982","2022-01-30","Bekasi","APOTEK SINAR JAYA","Apotek","KETOCONAZOLE TABLET 200 MG","OGB & PH",5,"DUS",2819.2
"IN5983","2022-04-21","Jakarta","KLINIK GM","Klinik","AMPICILLIN","MARCKS",67,"DUS",10690.6
"IN5984","2022-05-01","Tangerang","KLINIK SAHABAT","Klinik","KLORPROMAZINA TABLET SALUT SELAPUT 100 MG","SLCYL",8,"DUS",5648.3
"IN5985","2022-04-18","Bekasi","APOTEK SINAR JAYA","Apotek","ACYCLOVIR DUS","OGB & PH",22,"DUS",1169.91
"IN5986","2022-02-15","Bekasi","APOTEK SINAR JAYA","Apotek","ALERGINE TABLET SALUT","ETIKAL",9,"DUS",3991.9
"IN5987","2022-04-19","Jakarta","KLINIK GM","Klinik","PARACETAMOL","SLCYL",14,"DUS",6940.3
"IN5988","2022-02-09","Padang","APOTEK SAHABAT","Apotek","ALERGINE TABLET SALUT","ETIKAL",10,"DUS",2337.5
"IN5989","2022-05-01","Jakarta","KLINIK GM","Klinik","PARACETAMOL","SLCYL",67,"DUS",6940.3
"IN5990","2022-05-03","Tangerang","KLINIK SAHABAT","Klinik","ACYCLOVIR DUS","OGB & PH",10,"DUS",4592.1
"IN5991","2022-01-23","Tangerang","KLINIK SAHABAT","Klinik","KLORPROMAZINA TABLET SALUT SELAPUT 100 MG","SLCYL",24,"DUS",5648.3
"IN5992","2022-06-16","Bekasi","APOTEK SINAR JAYA","Apotek","ALERGINE TABLET SALUT","ETIKAL",23,"DUS",3991.9
"IN5993","2022-05-26","Padang","APOTEK SAHABAT","Apotek","ALERGINE TABLET SALUT","ETIKAL",1,"DUS",2337.5
"IN5994","2022-02-01","Kuningan","APOTEK MAJA","Apotek","ALERGINE TABLET SALUT","ETIKAL",12,"DUS",2337.5
"IN5995","2022-04-06","Jakarta","KLINIK GM","Klinik","TETRACYCLINE KAPSUL 250 MG","MARCKS",14,"DUS",3991.9
"IN5996","2022-05-25","Padang","APOTEK SAHABAT","Apotek","ERGOTAMINE COFFEINE","ETIKAL",22,"DUS",4592.1
"IN5997","2022-01-20","Aceh","APOTEK TAPAK","Apotek","ACYCLOVIR DUS","OGB & PH",1,"DUS",1169.91
"IN5998","2022-04-09","Bekasi","APOTEK SINAR JAYA","Apotek","ACYCLOVIR DUS","OGB & PH",23,"DUS",1169.91
"IN5999","2022-05-01","Bekasi","APOTEK SINAR JAYA","Apotek","AMPICILLIN","MARCKS",5,"DUS",10690.6
"IN6000","2022-06-16","Aceh","APOTEK TAPAK","Apotek","TETRACYCLINE KAPSUL 250 MG","MARCKS",7,"DUS",3991.9
"IN6001","2022-04-02","Padang","APOTEK SAHABAT","Apotek","TRAMADOL KAPSUL 50 MG","VNS",21,"DUS",8700.7
"IN6002","2022-02-04","Kuningan","APOTEK MAJA","Apotek","ERGOTAMINE COFFEINE","ETIKAL",14,"DUS",4592.1
"IN6003","2022-01-27","Lampung","KLINIK DR. ANDRI","Klinik","KLORPROMAZINA TABLET SALUT SELAPUT 100 MG","SLCYL",9,"DUS",5648.3
"IN6004","2022-05-01","Tangerang","KLINIK SAHABAT","Klinik","PARACETAMOL","SLCYL",5,"DUS",6940.3
"IN6005","2022-02-01","Aceh","APOTEK TAPAK","Apotek","TETRACYCLINE KAPSUL 250 MG","MARCKS",12,"DUS",3991.9
"IN6006","2022-02-12","Jakarta","KLINIK GM","Klinik","KLORPROMAZINA TABLET SALUT SELAPUT 100 MG","SLCYL",5,"DUS",5648.3
"IN6007","2022-05-02","Bekasi","APOTEK SINAR JAYA","Apotek","KETOCONAZOLE TABLET 200 MG","OGB & PH",9,"DUS",2819.2
"IN6008","2022-01-30","Lampung","KLINIK DR. ANDRI","Klinik","TRAMADOL KAPSUL 50 MG","VNS",12,"DUS",6940.3
"IN6009","2022-04-28","Jakarta","KLINIK GM","Klinik","TETRACYCLINE KAPSUL 250 MG","MARCKS",76,"DUS",3991.9
"IN6010","2022-05-31","Tangerang","KLINIK SAHABAT","Klinik","ACYCLOVIR DUS","OGB & PH",5,"DUS",4592.1
"IN6011","2022-02-25","Aceh","APOTEK TAPAK","Apotek","TETRACYCLINE KAPSUL 250 MG","MARCKS",10,"DUS",3991.9
"IN6012","2022-06-16","Jakarta","KLINIK GM","Klinik","AMPICILLIN","MARCKS",5,"DUS",10690.6
"IN6013","2022-01-28","Bekasi","APOTEK SINAR JAYA","Apotek","ALERGINE TABLET SALUT","ETIKAL",25,"DUS",3991.9
"IN6014","2022-03-21","Kuningan","APOTEK MAJA","Apotek","ALERGINE TABLET SALUT","ETIKAL",34,"DUS",2337.5
"IN6015","2022-01-31","Bekasi","APOTEK SINAR JAYA","Apotek","AMPICILLIN","MARCKS",5,"DUS",10690.6
"IN6016","2022-03-09","Tangerang","KLINIK SAHABAT","Klinik","PARACETAMOL","SLCYL",5,"DUS",6940.3
"IN6017","2022-02-01","Padang","APOTEK SAHABAT","Apotek","TRAMADOL KAPSUL 50 MG","VNS",23,"DUS",8700.7
"IN6018","2022-04-01","Bekasi","APOTEK SINAR JAYA","Apotek","AMPICILLIN","MARCKS",14,"DUS",10690.6
"IN6019","2022-04-20","Padang","APOTEK SAHABAT","Apotek","TRAMADOL KAPSUL 50 MG","VNS",12,"DUS",8700.7
"IN6020","2022-03-11","Padang","APOTEK SAHABAT","Apotek","ALERGINE TABLET SALUT","ETIKAL",1,"DUS",2337.5
"IN6021","2022-04-19","Aceh","APOTEK TAPAK","Apotek","ACYCLOVIR DUS","OGB & PH",7,"DUS",1169.91
"IN6022","2022-05-23","Tangerang","KLINIK SAHABAT","Klinik","KLORPROMAZINA TABLET SALUT SELAPUT 100 MG","SLCYL",9,"DUS",5648.3
"IN6023","2022-02-01","Tangerang","KLINIK SAHABAT","Klinik","PARACETAMOL","SLCYL",15,"DUS",6940.3
"IN6024","2022-01-27","Lampung","KLINIK DR. ANDRI","Klinik","KLORPROMAZINA TABLET SALUT SELAPUT 100 MG","SLCYL",12,"DUS",5648.3
"IN6025","2022-01-30","Kuningan","APOTEK MAJA","Apotek","TRAMADOL KAPSUL 50 MG","VNS",7,"DUS",8700.7
"IN6026","2022-02-16","Padang","APOTEK SAHABAT","Apotek","AMPICILLIN","MARCKS",21,"DUS",5780.7
"IN6027","2022-04-11","Aceh","APOTEK TAPAK","Apotek","AMPICILLIN","MARCKS",10,"DUS",10690.6
"IN6028","2022-01-23","Bandung","APOTEK MERDEKA","Apotek","ACYCLOVIR DUS","OGB & PH",98,"DUS",1169.91
"IN6029","2022-01-28","Jakarta","KLINIK GM","Klinik","PARACETAMOL","SLCYL",4,"DUS",6940.3
"IN6030","2022-05-01","Lampung","KLINIK DR. ANDRI","Klinik","TRAMADOL KAPSUL 50 MG","VNS",10,"DUS",6940.3
"IN6031","2022-04-15","Tangerang","KLINIK SAHABAT","Klinik","ACYCLOVIR DUS","OGB & PH",4,"DUS",4592.1
"IN6032","2022-06-03","Lampung","KLINIK DR. ANDRI","Klinik","TRAMADOL KAPSUL 50 MG","VNS",23,"DUS",6940.3
"IN6033","2022-06-12","Kuningan","APOTEK MAJA","Apotek","AMBROXOL HC","VNS",34,"DUS",5780.7
"IN6034","2022-02-20","Jakarta","KLINIK GM","Klinik","AMPICILLIN","MARCKS",14,"DUS",10690.6
"IN6035","2022-04-25","Padang","APOTEK SAHABAT","Apotek","ERGOTAMINE COFFEINE","ETIKAL",20,"DUS",4592.1
"IN6036","2022-01-27","Kuningan","APOTEK MAJA","Apotek","AMBROXOL HC","VNS",23,"DUS",5780.7
"IN6037","2022-05-03","Tangerang","KLINIK SAHABAT","Klinik","ALERGINE TABLET SALUT","ETIKAL",45,"DUS",2337.5
"IN6038","2022-01-30","Jakarta","KLINIK GM","Klinik","TETRACYCLINE KAPSUL 250 MG","MARCKS",98,"DUS",3991.9
"IN6039","2022-01-23","Bandung","APOTEK MERDEKA","Apotek","ACYCLOVIR DUS","OGB & PH",13,"DUS",1169.91
"IN6040","2022-01-31","Aceh","APOTEK TAPAK","Apotek","ACYCLOVIR DUS","OGB & PH",10,"DUS",1169.91
"IN6041","2022-02-28","Bandung","APOTEK MERDEKA","Apotek","ACYCLOVIR DUS","OGB & PH",5,"DUS",1169.91
"IN6042","2022-01-31","Bandung","APOTEK MERDEKA","Apotek","AMBROXOL HC","VNS",67,"DUS",5780.7
"IN6043","2022-03-10","Bekasi","APOTEK SINAR JAYA","Apotek","ACYCLOVIR DUS","OGB & PH",9,"DUS",1169.91
"IN6044","2022-05-01","Lampung","KLINIK DR. ANDRI","Klinik","KLORPROMAZINA TABLET SALUT SELAPUT 100 MG","SLCYL",18,"DUS",5648.3
"IN6045","2022-01-31","Padang","APOTEK SAHABAT","Apotek","ERGOTAMINE COFFEINE","ETIKAL",21,"DUS",4592.1
"IN6046","2022-06-15","Tangerang","KLINIK SAHABAT","Klinik","ALERGINE TABLET SALUT","ETIKAL",12,"DUS",2337.5
"IN6047","2022-04-26","Aceh","APOTEK TAPAK","Apotek","KETOCONAZOLE TABLET 200 MG","OGB & PH",12,"DUS",2819.2
"IN6048","2022-01-31","Jakarta","KLINIK GM","Klinik","KLORPROMAZINA TABLET SALUT SELAPUT 100 MG","SLCYL",25,"DUS",5648.3
"IN6049","2022-01-28","Jakarta","KLINIK GM","Klinik","PARACETAMOL","SLCYL",9,"DUS",6940.3
"IN6050","2022-01-31","Jakarta","KLINIK GM","Klinik","KLORPROMAZINA TABLET SALUT SELAPUT 100 MG","SLCYL",34,"DUS",5648.3
"IN6051","2022-03-23","Bandung","APOTEK MERDEKA","Apotek","TRAMADOL KAPSUL 50 MG","VNS",15,"DUS",8700.7
"IN6052","2022-01-23","Bekasi","APOTEK SINAR JAYA","Apotek","KETOCONAZOLE TABLET 200 MG","OGB & PH",5,"DUS",2819.2
"IN6053","2022-01-28","Bekasi","APOTEK SINAR JAYA","Apotek","ALERGINE TABLET SALUT","ETIKAL",44,"DUS",3991.9
"IN6054","2022-02-01","Bandung","APOTEK MERDEKA","Apotek","KETOCONAZOLE TABLET 200 MG","OGB & PH",34,"DUS",2819.2
"IN6055","2022-03-13","Kuningan","APOTEK MAJA","Apotek","TRAMADOL KAPSUL 50 MG","VNS",4,"DUS",8700.7
"IN6056","2022-04-20","Kuningan","APOTEK MAJA","Apotek","ALERGINE TABLET SALUT","ETIKAL",100,"DUS",2337.5
"IN6057","2022-05-17","Padang","APOTEK SAHABAT","Apotek","AMPICILLIN","MARCKS",10,"DUS",5780.7
"IN6058","2022-01-27","Jakarta","KLINIK GM","Klinik","AMPICILLIN","MARCKS",34,"DUS",10690.6
"IN6059","2022-06-07","Bandung","APOTEK MERDEKA","Apotek","TRAMADOL KAPSUL 50 MG","VNS",11,"DUS",8700.7
"IN6060","2022-02-01","Padang","APOTEK SAHABAT","Apotek","TRAMADOL KAPSUL 50 MG","VNS",22,"DUS",8700.7
"IN6061","2022-02-24","Padang","APOTEK SAHABAT","Apotek","ERGOTAMINE COFFEINE","ETIKAL",12,"DUS",4592.1
"IN6062","2022-01-27","Bekasi","APOTEK SINAR JAYA","Apotek","ACYCLOVIR DUS","OGB & PH",12,"DUS",1169.91
"IN6063","2022-02-01","Aceh","APOTEK TAPAK","Apotek","TETRACYCLINE KAPSUL 250 MG","MARCKS",12,"DUS",3991.9
"IN6064","2022-01-28","Aceh","APOTEK TAPAK","Apotek","KETOCONAZOLE TABLET 200 MG","OGB & PH",10,"DUS",2819.2
"IN6065","2022-01-23","Tangerang","KLINIK SAHABAT","Klinik","KLORPROMAZINA TABLET SALUT SELAPUT 100 MG","SLCYL",4,"DUS",5648.3
"IN6066","2022-01-27","Kuningan","APOTEK MAJA","Apotek","AMBROXOL HC","VNS",12,"DUS",5780.7
"IN6067","2022-05-01","Jakarta","KLINIK GM","Klinik","KLORPROMAZINA TABLET SALUT SELAPUT 100 MG","SLCYL",14,"DUS",5648.3
"IN6068","2022-01-31","Padang","APOTEK SAHABAT","Apotek","ERGOTAMINE COFFEINE","ETIKAL",6,"DUS",4592.1
"IN6069","2022-03-01","Tangerang","KLINIK SAHABAT","Klinik","ALERGINE TABLET SALUT","ETIKAL",4,"DUS",2337.5
"IN6070","2022-01-28","Aceh","APOTEK TAPAK","Apotek","KETOCONAZOLE TABLET 200 MG","OGB & PH",23,"DUS",2819.2
"IN6071","2022-04-27","Kuningan","APOTEK MAJA","Apotek","ERGOTAMINE COFFEINE","ETIKAL",95,"DUS",4592.1
"IN6072","2022-02-01","Aceh","APOTEK TAPAK","Apotek","TETRACYCLINE KAPSUL 250 MG","MARCKS",1,"DUS",3991.9
"IN6073","2022-04-27","Kuningan","APOTEK MAJA","Apotek","AMBROXOL HC","VNS",34,"DUS",5780.7
"IN6074","2022-01-27","Jakarta","KLINIK GM","Klinik","AMPICILLIN","MARCKS",98,"DUS",10690.6
"IN6075","2022-04-16","Bandung","APOTEK MERDEKA","Apotek","AMBROXOL HC","VNS",48,"DUS",5780.7
"IN6076","2022-03-24","Tangerang","KLINIK SAHABAT","Klinik","KLORPROMAZINA TABLET SALUT SELAPUT 100 MG","SLCYL",12,"DUS",5648.3
"IN6077","2022-05-16","Bekasi","APOTEK SINAR JAYA","Apotek","ALERGINE TABLET SALUT","ETIKAL",12,"DUS",3991.9
"IN6078","2022-03-30","Bandung","APOTEK MERDEKA","Apotek","ACYCLOVIR DUS","OGB & PH",12,"DUS",1169.91
"IN6079","2022-01-31","Jakarta","KLINIK GM","Klinik","KLORPROMAZINA TABLET SALUT SELAPUT 100 MG","SLCYL",34,"DUS",5648.3
"IN6080","2022-03-26","Padang","APOTEK SAHABAT","Apotek","ERGOTAMINE COFFEINE","ETIKAL",14,"DUS",4592.1
"IN6081","2022-03-19","Lampung","KLINIK DR. ANDRI","Klinik","TRAMADOL KAPSUL 50 MG","VNS",25,"DUS",6940.3
"IN6082","2022-04-16","Bekasi","APOTEK SINAR JAYA","Apotek","ALERGINE TABLET SALUT","ETIKAL",8,"DUS",3991.9
"IN6083","2022-01-30","Jakarta","KLINIK GM","Klinik","TETRACYCLINE KAPSUL 250 MG","MARCKS",2,"DUS",3991.9
"IN6084","2022-02-01","Kuningan","APOTEK MAJA","Apotek","ALERGINE TABLET SALUT","ETIKAL",67,"DUS",2337.5
"IN6085","2022-03-31","Tangerang","KLINIK SAHABAT","Klinik","ALERGINE TABLET SALUT","ETIKAL",25,"DUS",2337.5
"IN6086","2022-01-23","Padang","APOTEK SAHABAT","Apotek","AMPICILLIN","MARCKS",14,"DUS",5780.7
"IN6087","2022-02-18","Aceh","APOTEK TAPAK","Apotek","ACYCLOVIR DUS","OGB & PH",12,"DUS",1169.91
"IN6088","2022-02-06","Bandung","APOTEK MERDEKA","Apotek","AMBROXOL HC","VNS",10,"DUS",5780.7
"IN6089","2022-01-25","Padang","APOTEK SAHABAT","Apotek","ERGOTAMINE COFFEINE","ETIKAL",9,"DUS",4592.1
"IN6090","2022-05-24","Bekasi","APOTEK SINAR JAYA","Apotek","KETOCONAZOLE TABLET 200 MG","OGB & PH",21,"DUS",2819.2
"IN6091","2022-06-11","Aceh","APOTEK TAPAK","Apotek","TETRACYCLINE KAPSUL 250 MG","MARCKS",14,"DUS",3991.9
"IN6092","2022-03-14","Jakarta","KLINIK GM","Klinik","KLORPROMAZINA TABLET SALUT SELAPUT 100 MG","SLCYL",2,"DUS",5648.3
"IN6093","2022-05-29","Jakarta","KLINIK GM","Klinik","KLORPROMAZINA TABLET SALUT SELAPUT 100 MG","SLCYL",13,"DUS",5648.3
"IN6094","2022-05-02","Aceh","APOTEK TAPAK","Apotek","ACYCLOVIR DUS","OGB & PH",67,"DUS",1169.91
"IN6095","2022-01-27","Kuningan","APOTEK MAJA","Apotek","AMBROXOL HC","VNS",5,"DUS",5780.7
"IN6096","2022-02-19","Kuningan","APOTEK MAJA","Apotek","ALERGINE TABLET SALUT","ETIKAL",25,"DUS",2337.5
"IN6097","2022-04-30","Kuningan","APOTEK MAJA","Apotek","AMBROXOL HC","VNS",100,"DUS",5780.7
"IN6098","2022-03-29","Jakarta","KLINIK GM","Klinik","PARACETAMOL","SLCYL",19,"DUS",6940.3
"IN6099","2022-01-30","Jakarta","KLINIK GM","Klinik","TETRACYCLINE KAPSUL 250 MG","MARCKS",5,"DUS",3991.9
"IN6100","2022-06-01","Bekasi","APOTEK SINAR JAYA","Apotek","ALERGINE TABLET SALUT","ETIKAL",9,"DUS",3991.9
"IN6101","2022-04-30","Padang","APOTEK SAHABAT","Apotek","TRAMADOL KAPSUL 50 MG","VNS",20,"DUS",8700.7
"IN6102","2022-01-31","Bekasi","APOTEK SINAR JAYA","Apotek","AMPICILLIN","MARCKS",11,"DUS",10690.6
"IN6103","2022-01-27","Tangerang","KLINIK SAHABAT","Klinik","ACYCLOVIR DUS","OGB & PH",15,"DUS",4592.1
"IN6104","2022-01-30","Kuningan","APOTEK MAJA","Apotek","TRAMADOL KAPSUL 50 MG","VNS",45,"DUS",8700.7
"IN6105","2022-05-02","Bekasi","APOTEK SINAR JAYA","Apotek","ACYCLOVIR DUS","OGB & PH",21,"DUS",1169.91
"IN6106","2022-04-30","Bandung","APOTEK MERDEKA","Apotek","TRAMADOL KAPSUL 50 MG","VNS",4,"DUS",8700.7
"IN6107","2022-01-30","Tangerang","KLINIK SAHABAT","Klinik","ALERGINE TABLET SALUT","ETIKAL",24,"DUS",2337.5
"IN6108","2022-01-30","Lampung","KLINIK DR. ANDRI","Klinik","TRAMADOL KAPSUL 50 MG","VNS",21,"DUS",6940.3
"IN6109","2022-06-16","Aceh","APOTEK TAPAK","Apotek","AMPICILLIN","MARCKS",12,"DUS",10690.6
"IN6110","2022-03-06","Kuningan","APOTEK MAJA","Apotek","ERGOTAMINE COFFEINE","ETIKAL",9,"DUS",4592.1
"IN6111","2022-05-26","Aceh","APOTEK TAPAK","Apotek","TETRACYCLINE KAPSUL 250 MG","MARCKS",12,"DUS",3991.9
"IN6112","2022-05-03","Kuningan","APOTEK MAJA","Apotek","ERGOTAMINE COFFEINE","ETIKAL",34,"DUS",4592.1
"IN6113","2022-01-27","Bekasi","APOTEK SINAR JAYA","Apotek","ACYCLOVIR DUS","OGB & PH",12,"DUS",1169.91
"IN6114","2022-02-27","Jakarta","KLINIK GM","Klinik","PARACETAMOL","SLCYL",98,"DUS",6940.3
"IN6115","2022-05-03","Padang","APOTEK SAHABAT","Apotek","ERGOTAMINE COFFEINE","ETIKAL",10,"DUS",4592.1
"IN6116","2022-01-28","Aceh","APOTEK TAPAK","Apotek","KETOCONAZOLE TABLET 200 MG","OGB & PH",67,"DUS",2819.2
"IN6117","2022-05-22","Jakarta","KLINIK GM","Klinik","TETRACYCLINE KAPSUL 250 MG","MARCKS",5,"DUS",3991.9
"IN6118","2022-01-27","Jakarta","KLINIK GM","Klinik","AMPICILLIN","MARCKS",19,"DUS",10690.6
"IN6119","2022-01-28","Jakarta","KLINIK GM","Klinik","PARACETAMOL","SLCYL",14,"DUS",6940.3
"IN6120","2022-02-01","Bandung","APOTEK MERDEKA","Apotek","KETOCONAZOLE TABLET 200 MG","OGB & PH",14,"DUS",2819.2
"IN6121","2022-05-21","Kuningan","APOTEK MAJA","Apotek","ERGOTAMINE COFFEINE","ETIKAL",98,"DUS",4592.1
"IN6122","2022-01-30","Bekasi","APOTEK SINAR JAYA","Apotek","KETOCONAZOLE TABLET 200 MG","OGB & PH",21,"DUS",2819.2
"IN6123","2022-06-16","Jakarta","KLINIK GM","Klinik","TETRACYCLINE KAPSUL 250 MG","MARCKS",12,"DUS",3991.9
"IN6124","2022-01-27","Jakarta","KLINIK GM","Klinik","AMPICILLIN","MARCKS",95,"DUS",10690.6
"IN6125","2022-01-23","Aceh","APOTEK TAPAK","Apotek","AMPICILLIN","MARCKS",14,"DUS",10690.6
"IN6126","2022-04-23","Tangerang","KLINIK SAHABAT","Klinik","KLORPROMAZINA TABLET SALUT SELAPUT 100 MG","SLCYL",45,"DUS",5648.3
"IN6127","2022-04-24","Bekasi","APOTEK SINAR JAYA","Apotek","KETOCONAZOLE TABLET 200 MG","OGB & PH",34,"DUS",2819.2
"IN6128","2022-02-01","Aceh","APOTEK TAPAK","Apotek","TETRACYCLINE KAPSUL 250 MG","MARCKS",79,"DUS",3991.9
"IN6129","2022-02-14","Tangerang","KLINIK SAHABAT","Klinik","ACYCLOVIR DUS","OGB & PH",8,"DUS",4592.1
"IN6130","2022-01-31","Bandung","APOTEK MERDEKA","Apotek","AMBROXOL HC","VNS",5,"DUS",5780.7
"IN6131","2022-01-27","Kuningan","APOTEK MAJA","Apotek","AMBROXOL HC","VNS",10,"DUS",5780.7
"IN6132","2022-04-30","Padang","APOTEK SAHABAT","Apotek","AMPICILLIN","MARCKS",12,"DUS",5780.7
"IN6133","2022-02-01","Tangerang","KLINIK SAHABAT","Klinik","PARACETAMOL","SLCYL",78,"DUS",6940.3
"IN6134","2022-02-01","Kuningan","APOTEK MAJA","Apotek","ALERGINE TABLET SALUT","ETIKAL",12,"DUS",2337.5
"IN6135","2022-02-08","Bekasi","APOTEK SINAR JAYA","Apotek","ACYCLOVIR DUS","OGB & PH",12,"DUS",1169.91
"IN6136","2022-01-27","Tangerang","KLINIK SAHABAT","Klinik","ACYCLOVIR DUS","OGB & PH",78,"DUS",4592.1
"IN6137","2022-03-03","Padang","APOTEK SAHABAT","Apotek","TRAMADOL KAPSUL 50 MG","VNS",9,"DUS",8700.7
"IN6138","2022-04-18","Tangerang","KLINIK SAHABAT","Klinik","ALERGINE TABLET SALUT","ETIKAL",10,"DUS",2337.5
"IN6139","2022-04-22","Bandung","APOTEK MERDEKA","Apotek","TRAMADOL KAPSUL 50 MG","VNS",78,"DUS",8700.7
"IN6140","2022-03-25","Bekasi","APOTEK SINAR JAYA","Apotek","KETOCONAZOLE TABLET 200 MG","OGB & PH",25,"DUS",2819.2
"IN6141","2022-01-28","Padang","APOTEK SAHABAT","Apotek","ALERGINE TABLET SALUT","ETIKAL",25,"DUS",2337.5
"IN6142","2022-05-01","Lampung","KLINIK DR. ANDRI","Klinik","KLORPROMAZINA TABLET SALUT SELAPUT 100 MG","SLCYL",45,"DUS",5648.3
"IN6143","2022-05-02","Bandung","APOTEK MERDEKA","Apotek","KETOCONAZOLE TABLET 200 MG","OGB & PH",24,"DUS",2819.2
"IN6144","2022-01-22","Bandung","APOTEK MERDEKA","Apotek","TRAMADOL KAPSUL 50 MG","VNS",13,"DUS",8700.7
"IN6145","2022-04-20","Aceh","APOTEK TAPAK","Apotek","AMPICILLIN","MARCKS",25,"DUS",10690.6
"IN6146","2022-01-27","Jakarta","KLINIK GM","Klinik","AMPICILLIN","MARCKS",25,"DUS",10690.6
"IN6147","2022-02-13","Bandung","APOTEK MERDEKA","Apotek","KETOCONAZOLE TABLET 200 MG","OGB & PH",4,"DUS",2819.2
"IN6148","2022-01-31","Padang","APOTEK SAHABAT","Apotek","ERGOTAMINE COFFEINE","ETIKAL",9,"DUS",4592.1
"IN6149","2022-03-20","Aceh","APOTEK TAPAK","Apotek","ACYCLOVIR DUS","OGB & PH",14,"DUS",1169.91
"IN6150","2022-05-20","Kuningan","APOTEK MAJA","Apotek","ALERGINE TABLET SALUT","ETIKAL",5,"DUS",2337.5
"IN6151","2022-05-02","Bandung","APOTEK MERDEKA","Apotek","ACYCLOVIR DUS","OGB & PH",78,"DUS",1169.91
"IN6152","2022-01-31","Bekasi","APOTEK SINAR JAYA","Apotek","AMPICILLIN","MARCKS",10,"DUS",10690.6
"IN6153","2022-03-27","Aceh","APOTEK TAPAK","Apotek","TETRACYCLINE KAPSUL 250 MG","MARCKS",18,"DUS",3991.9
"IN6154","2022-04-19","Padang","APOTEK SAHABAT","Apotek","ALERGINE TABLET SALUT","ETIKAL",12,"DUS",2337.5
"IN6155","2022-01-21","Jakarta","KLINIK GM","Klinik","AMPICILLIN","MARCKS",9,"DUS",10690.6
"IN6156","2022-04-07","Bandung","APOTEK MERDEKA","Apotek","AMBROXOL HC","VNS",24,"DUS",5780.7
"IN6157","2022-04-12","Kuningan","APOTEK MAJA","Apotek","TRAMADOL KAPSUL 50 MG","VNS",67,"DUS",8700.7
"IN6158","2022-05-01","Tangerang","KLINIK SAHABAT","Klinik","PARACETAMOL","SLCYL",14,"DUS",6940.3
"IN6159","2022-06-13","Jakarta","KLINIK GM","Klinik","PARACETAMOL","SLCYL",67,"DUS",6940.3
"IN6160","2022-05-27","Aceh","APOTEK TAPAK","Apotek","AMPICILLIN","MARCKS",5,"DUS",10690.6
"IN6161","2022-01-27","Tangerang","KLINIK SAHABAT","Klinik","ACYCLOVIR DUS","OGB & PH",24,"DUS",4592.1
"IN6162","2022-01-28","Bandung","APOTEK MERDEKA","Apotek","TRAMADOL KAPSUL 50 MG","VNS",12,"DUS",8700.7
"IN6163","2022-01-30","Tangerang","KLINIK SAHABAT","Klinik","ALERGINE TABLET SALUT","ETIKAL",5,"DUS",2337.5
"IN6164","2022-03-08","Bandung","APOTEK MERDEKA","Apotek","AMBROXOL HC","VNS",1,"DUS",5780.7
"IN6165","2022-06-16","Bekasi","APOTEK SINAR JAYA","Apotek","AMPICILLIN","MARCKS",34,"DUS",10690.6
"IN6166","2022-05-30","Bandung","APOTEK MERDEKA","Apotek","KETOCONAZOLE TABLET 200 MG","OGB & PH",1,"DUS",2819.2
"IN6167","2022-01-28","Padang","APOTEK SAHABAT","Apotek","ALERGINE TABLET SALUT","ETIKAL",12,"DUS",2337.5
"IN6168","2022-05-13","Jakarta","KLINIK GM","Klinik","KLORPROMAZINA TABLET SALUT SELAPUT 100 MG","SLCYL",24,"DUS",5648.3
"IN6169","2022-05-20","Aceh","APOTEK TAPAK","Apotek","KETOCONAZOLE TABLET 200 MG","OGB & PH",67,"DUS",2819.2
"IN6170","2022-01-30","Bekasi","APOTEK SINAR JAYA","Apotek","KETOCONAZOLE TABLET 200 MG","OGB & PH",14,"DUS",2819.2
"IN6171","2022-02-03","Aceh","APOTEK TAPAK","Apotek","KETOCONAZOLE TABLET 200 MG","OGB & PH",25,"DUS",2819.2
"IN6172","2022-01-28","Bekasi","APOTEK SINAR JAYA","Apotek","ALERGINE TABLET SALUT","ETIKAL",12,"DUS",3991.9
"IN6173","2022-01-27","Tangerang","KLINIK SAHABAT","Klinik","ACYCLOVIR DUS","OGB & PH",12,"DUS",4592.1
"IN6174","2022-04-17","Padang","APOTEK SAHABAT","Apotek","AMPICILLIN","MARCKS",9,"DUS",5780.7
"IN6175","2022-01-31","Jakarta","KLINIK GM","Klinik","KLORPROMAZINA TABLET SALUT SELAPUT 100 MG","SLCYL",18,"DUS",5648.3
"IN6176","2022-01-30","Kuningan","APOTEK MAJA","Apotek","TRAMADOL KAPSUL 50 MG","VNS",18,"DUS",8700.7
"IN6177","2022-03-15","Bandung","APOTEK MERDEKA","Apotek","KETOCONAZOLE TABLET 200 MG","OGB & PH",17,"DUS",2819.2
"IN6178","2022-05-02","Aceh","APOTEK TAPAK","Apotek","KETOCONAZOLE TABLET 200 MG","OGB & PH",18,"DUS",2819.2
"IN6179","2022-05-24","Tangerang","KLINIK SAHABAT","Klinik","PARACETAMOL","SLCYL",8,"DUS",6940.3
"IN6180","2022-04-13","Jakarta","KLINIK GM","Klinik","KLORPROMAZINA TABLET SALUT SELAPUT 100 MG","SLCYL",98,"DUS",5648.3
"IN6181","2022-02-07","Tangerang","KLINIK SAHABAT","Klinik","PARACETAMOL","SLCYL",130,"DUS",6940.3
"IN6182","2022-03-07","Jakarta","KLINIK GM","Klinik","TETRACYCLINE KAPSUL 250 MG","MARCKS",13,"DUS",3991.9
"IN6183","2022-01-23","Padang","APOTEK SAHABAT","Apotek","AMPICILLIN","MARCKS",25,"DUS",5780.7
"IN6184","2022-01-28","Aceh","APOTEK TAPAK","Apotek","KETOCONAZOLE TABLET 200 MG","OGB & PH",25,"DUS",2819.2
"IN6185","2022-02-01","Padang","APOTEK SAHABAT","Apotek","TRAMADOL KAPSUL 50 MG","VNS",9,"DUS",8700.7
"IN6186","2022-01-31","Aceh","APOTEK TAPAK","Apotek","ACYCLOVIR DUS","OGB & PH",18,"DUS",1169.91
"IN6187","2022-04-05","Kuningan","APOTEK MAJA","Apotek","ERGOTAMINE COFFEINE","ETIKAL",25,"DUS",4592.1
"IN6188","2022-01-27","Lampung","KLINIK DR. ANDRI","Klinik","KLORPROMAZINA TABLET SALUT SELAPUT 100 MG","SLCYL",10,"DUS",5648.3
"IN6189","2022-03-04","Lampung","KLINIK DR. ANDRI","Klinik","KLORPROMAZINA TABLET SALUT SELAPUT 100 MG","SLCYL",1,"DUS",5648.3
"IN6190","2022-01-23","Bandung","APOTEK MERDEKA","Apotek","ACYCLOVIR DUS","OGB & PH",2,"DUS",1169.91
"IN6191","2022-01-31","Bekasi","APOTEK SINAR JAYA","Apotek","AMPICILLIN","MARCKS",4,"DUS",10690.6
"IN6192","2022-05-14","Bandung","APOTEK MERDEKA","Apotek","KETOCONAZOLE TABLET 200 MG","OGB & PH",10,"DUS",2819.2
"IN6193","2022-03-18","Padang","APOTEK SAHABAT","Apotek","AMPICILLIN","MARCKS",12,"DUS",5780.7
"IN6194","2022-04-18","Kuningan","APOTEK MAJA","Apotek","AMBROXOL HC","VNS",25,"DUS",5780.7
"IN6195","2022-01-31","Bandung","APOTEK MERDEKA","Apotek","AMBROXOL HC","VNS",67,"DUS",5780.7
"IN6196","2022-01-31","Aceh","APOTEK TAPAK","Apotek","ACYCLOVIR DUS","OGB & PH",45,"DUS",1169.91
"IN6197","2022-04-29","Bandung","APOTEK MERDEKA","Apotek","ACYCLOVIR DUS","OGB & PH",34,"DUS",1169.91
"IN6198","2022-06-04","Aceh","APOTEK TAPAK","Apotek","ACYCLOVIR DUS","OGB & PH",4,"DUS",1169.91
"IN6199","2022-01-28","Jakarta","KLINIK GM","Klinik","PARACETAMOL","SLCYL",25,"DUS",6940.3
"IN6200","2022-01-28","Bandung","APOTEK MERDEKA","Apotek","TRAMADOL KAPSUL 50 MG","VNS",5,"DUS",8700.7
"IN6201","2022-05-23","Bandung","APOTEK MERDEKA","Apotek","AMBROXOL HC","VNS",4,"DUS",5780.7
"IN6202","2022-01-23","Padang","APOTEK SAHABAT","Apotek","AMPICILLIN","MARCKS",34,"DUS",5780.7
"IN6203","2022-01-31","Jakarta","KLINIK GM","Klinik","KLORPROMAZINA TABLET SALUT SELAPUT 100 MG","SLCYL",100,"DUS",5648.3
"IN6204","2022-06-16","Jakarta","KLINIK GM","Klinik","TETRACYCLINE KAPSUL 250 MG","MARCKS",34,"DUS",3991.9
"IN6205","2022-01-27","Bekasi","APOTEK SINAR JAYA","Apotek","ACYCLOVIR DUS","OGB & PH",8,"DUS",1169.91
"IN6206","2022-03-12","Aceh","APOTEK TAPAK","Apotek","AMPICILLIN","MARCKS",23,"DUS",10690.6
"IN6207","2022-04-04","Aceh","APOTEK TAPAK","Apotek","KETOCONAZOLE TABLET 200 MG","OGB & PH",12,"DUS",2819.2
"IN6208","2022-01-30","Bekasi","APOTEK SINAR JAYA","Apotek","KETOCONAZOLE TABLET 200 MG","OGB & PH",8,"DUS",2819.2
"IN6209","2022-03-16","Tangerang","KLINIK SAHABAT","Klinik","ACYCLOVIR DUS","OGB & PH",11,"DUS",4592.1
"IN6210","2022-01-23","Kuningan","APOTEK MAJA","Apotek","ERGOTAMINE COFFEINE","ETIKAL",4,"DUS",4592.1
"IN6211","2022-02-01","Kuningan","APOTEK MAJA","Apotek","ALERGINE TABLET SALUT","ETIKAL",18,"DUS",2337.5
"IN6212","2022-06-05","Kuningan","APOTEK MAJA","Apotek","ALERGINE TABLET SALUT","ETIKAL",2,"DUS",2337.5
"IN6213","2022-05-03","Padang","APOTEK SAHABAT","Apotek","ALERGINE TABLET SALUT","ETIKAL",22,"DUS",2337.5
"IN6214","2022-01-28","Padang","APOTEK SAHABAT","Apotek","ALERGINE TABLET SALUT","ETIKAL",21,"DUS",2337.5
"IN6215","2022-01-23","Bandung","APOTEK MERDEKA","Apotek","ACYCLOVIR DUS","OGB & PH",14,"DUS",1169.91
"IN6216","2022-01-23","Kuningan","APOTEK MAJA","Apotek","ERGOTAMINE COFFEINE","ETIKAL",98,"DUS",4592.1
"IN6217","2022-01-23","Padang","APOTEK SAHABAT","Apotek","AMPICILLIN","MARCKS",5,"DUS",5780.7
"IN6218","2022-04-17","Tangerang","KLINIK SAHABAT","Klinik","PARACETAMOL","SLCYL",21,"DUS",6940.3
"IN6219","2022-01-27","Tangerang","KLINIK SAHABAT","Klinik","ACYCLOVIR DUS","OGB & PH",34,"DUS",4592.1
"IN6220","2022-01-23","Tangerang","KLINIK SAHABAT","Klinik","KLORPROMAZINA TABLET SALUT SELAPUT 100 MG","SLCYL",48,"DUS",5648.3
"IN6221","2022-01-23","Tangerang","KLINIK SAHABAT","Klinik","KLORPROMAZINA TABLET SALUT SELAPUT 100 MG","SLCYL",25,"DUS",5648.3
"IN6222","2022-06-02","Padang","APOTEK SAHABAT","Apotek","AMPICILLIN","MARCKS",1,"DUS",5780.7
"IN6223","2022-05-02","Padang","APOTEK SAHABAT","Apotek","TRAMADOL KAPSUL 50 MG","VNS",6,"DUS",8700.7
"IN6224","2022-02-17","Lampung","KLINIK DR. ANDRI","Klinik","TRAMADOL KAPSUL 50 MG","VNS",22,"DUS",6940.3
"IN6225","2022-04-30","Tangerang","KLINIK SAHABAT","Klinik","ALERGINE TABLET SALUT","ETIKAL",44,"DUS",2337.5
"IN6226","2022-01-31","Padang","APOTEK SAHABAT","Apotek","ERGOTAMINE COFFEINE","ETIKAL",23,"DUS",4592.1
"IN6227","2022-04-10","Padang","APOTEK SAHABAT","Apotek","ALERGINE TABLET SALUT","ETIKAL",12,"DUS",2337.5
"IN6228","2022-01-27","Kuningan","APOTEK MAJA","Apotek","AMBROXOL HC","VNS",12,"DUS",5780.7
"IN6229","2022-03-05","Aceh","APOTEK TAPAK","Apotek","KETOCONAZOLE TABLET 200 MG","OGB & PH",5,"DUS",2819.2
"IN6230","2022-01-28","Bandung","APOTEK MERDEKA","Apotek","TRAMADOL KAPSUL 50 MG","VNS",14,"DUS",8700.7
"IN6231","2022-02-21","Bandung","APOTEK MERDEKA","Apotek","TRAMADOL KAPSUL 50 MG","VNS",24,"DUS",8700.7
"IN6232","2022-04-08","Tangerang","KLINIK SAHABAT","Klinik","PARACETAMOL","SLCYL",10,"DUS",6940.3
"IN6233","2022-01-23","Bandung","APOTEK MERDEKA","Apotek","ACYCLOVIR DUS","OGB & PH",24,"DUS",1169.91
"IN6234","2022-02-10","Aceh","APOTEK TAPAK","Apotek","AMPICILLIN","MARCKS",67,"DUS",10690.6
"IN6235","2022-01-30","Tangerang","KLINIK SAHABAT","Klinik","ALERGINE TABLET SALUT","ETIKAL",10,"DUS",2337.5
"IN6236","2022-06-08","Tangerang","KLINIK SAHABAT","Klinik","KLORPROMAZINA TABLET SALUT SELAPUT 100 MG","SLCYL",12,"DUS",5648.3
"IN6237","2022-04-18","Lampung","KLINIK DR. ANDRI","Klinik","TRAMADOL KAPSUL 50 MG","VNS",10,"DUS",6940.3
"IN6238","2022-01-27","Bekasi","APOTEK SINAR JAYA","Apotek","ACYCLOVIR DUS","OGB & PH",9,"DUS",1169.91
"IN6239","2022-03-02","Bekasi","APOTEK SINAR JAYA","Apotek","AMPICILLIN","MARCKS",8,"DUS",10690.6
"IN6240","2022-01-30","Tangerang","KLINIK SAHABAT","Klinik","ALERGINE TABLET SALUT","ETIKAL",48,"DUS",2337.5
"IN6241","2022-01-31","Aceh","APOTEK TAPAK","Apotek","ACYCLOVIR DUS","OGB & PH",79,"DUS",1169.91
"IN6242","2022-01-23","Tangerang","KLINIK SAHABAT","Klinik","KLORPROMAZINA TABLET SALUT SELAPUT 100 MG","SLCYL",44,"DUS",5648.3
"IN6243","2022-02-01","Bandung","APOTEK MERDEKA","Apotek","KETOCONAZOLE TABLET 200 MG","OGB & PH",67,"DUS",2819.2
"IN6244","2022-01-31","Bekasi","APOTEK SINAR JAYA","Apotek","AMPICILLIN","MARCKS",21,"DUS",10690.6
"IN6245","2022-01-30","Jakarta","KLINIK GM","Klinik","TETRACYCLINE KAPSUL 250 MG","MARCKS",34,"DUS",3991.9
"IN6246","2022-01-28","Bandung","APOTEK MERDEKA","Apotek","TRAMADOL KAPSUL 50 MG","VNS",34,"DUS",8700.7
"IN6247","2022-01-28","Aceh","APOTEK TAPAK","Apotek","KETOCONAZOLE TABLET 200 MG","OGB & PH",10,"DUS",2819.2
"IN6248","2022-01-30","Jakarta","KLINIK GM","Klinik","TETRACYCLINE KAPSUL 250 MG","MARCKS",100,"DUS",3991.9
"IN6249","2022-04-30","Kuningan","APOTEK MAJA","Apotek","TRAMADOL KAPSUL 50 MG","VNS",25,"DUS",8700.7
"IN6250","2022-03-17","Bekasi","APOTEK SINAR JAYA","Apotek","ALERGINE TABLET SALUT","ETIKAL",12,"DUS",3991.9
"IN6251","2022-01-23","Aceh","APOTEK TAPAK","Apotek","TETRACYCLINE KAPSUL 250 MG","MARCKS",1,"DUS",3991.9
"IN6252","2022-05-18","Lampung","KLINIK DR. ANDRI","Klinik","TRAMADOL KAPSUL 50 MG","VNS",67,"DUS",6940.3
"IN6253","2022-01-28","Padang","APOTEK SAHABAT","Apotek","ALERGINE TABLET SALUT","ETIKAL",34,"DUS",2337.5
"IN6254","2022-02-02","Lampung","KLINIK DR. ANDRI","Klinik","KLORPROMAZINA TABLET SALUT SELAPUT 100 MG","SLCYL",12,"DUS",5648.3
"IN6255","2022-01-31","Padang","APOTEK SAHABAT","Apotek","ERGOTAMINE COFFEINE","ETIKAL",22,"DUS",4592.1
"IN6256","2022-01-30","Kuningan","APOTEK MAJA","Apotek","TRAMADOL KAPSUL 50 MG","VNS",12,"DUS",8700.7
"IN6257","2022-04-14","Bandung","APOTEK MERDEKA","Apotek","KETOCONAZOLE TABLET 200 MG","OGB & PH",5,"DUS",2819.2
"IN6258","2022-01-27","Lampung","KLINIK DR. ANDRI","Klinik","KLORPROMAZINA TABLET SALUT SELAPUT 100 MG","SLCYL",1,"DUS",5648.3
"IN6259","2022-02-01","Bandung","APOTEK MERDEKA","Apotek","KETOCONAZOLE TABLET 200 MG","OGB & PH",19,"DUS",2819.2
"IN6260","2022-02-22","Tangerang","KLINIK SAHABAT","Klinik","KLORPROMAZINA TABLET SALUT SELAPUT 100 MG","SLCYL",10,"DUS",5648.3
"IN6261","2022-02-05","Jakarta","KLINIK GM","Klinik","TETRACYCLINE KAPSUL 250 MG","MARCKS",24,"DUS",3991.9
"IN6262","2022-01-28","Jakarta","KLINIK GM","Klinik","PARACETAMOL","SLCYL",67,"DUS",6940.3
"IN6263","2022-01-31","Bekasi","APOTEK SINAR JAYA","Apotek","AMPICILLIN","MARCKS",130,"DUS",10690.6
"IN6264","2022-06-14","Bandung","APOTEK MERDEKA","Apotek","ACYCLOVIR DUS","OGB & PH",15,"DUS",1169.91
"IN6265","2022-04-30","Bandung","APOTEK MERDEKA","Apotek","AMBROXOL HC","VNS",25,"DUS",5780.7
"IN6266","2022-02-01","Kuningan","APOTEK MAJA","Apotek","ALERGINE TABLET SALUT","ETIKAL",34,"DUS",2337.5
"IN6267","2022-02-01","Tangerang","KLINIK SAHABAT","Klinik","PARACETAMOL","SLCYL",8,"DUS",6940.3
"IN6268","2022-06-16","Bekasi","APOTEK SINAR JAYA","Apotek","AMPICILLIN","MARCKS",25,"DUS",10690.6
"IN6269","2022-02-01","Padang","APOTEK SAHABAT","Apotek","TRAMADOL KAPSUL 50 MG","VNS",12,"DUS",8700.7
"IN6270","2022-05-03","Kuningan","APOTEK MAJA","Apotek","ERGOTAMINE COFFEINE","ETIKAL",19,"DUS",4592.1
"IN6271","2022-04-03","Lampung","KLINIK DR. ANDRI","Klinik","KLORPROMAZINA TABLET SALUT SELAPUT 100 MG","SLCYL",22,"DUS",5648.3
"IN6272","2022-05-19","Aceh","APOTEK TAPAK","Apotek","ACYCLOVIR DUS","OGB & PH",98,"DUS",1169.91
"IN6273","2022-05-03","Lampung","KLINIK DR. ANDRI","Klinik","KLORPROMAZINA TABLET SALUT SELAPUT 100 MG","SLCYL",79,"DUS",5648.3
"IN6274","2022-02-01","Padang","APOTEK SAHABAT","Apotek","TRAMADOL KAPSUL 50 MG","VNS",8,"DUS",8700.7
"IN6275","2022-02-26","Kuningan","APOTEK MAJA","Apotek","AMBROXOL HC","VNS",67,"DUS",5780.7
"IN6276","2022-01-30","Tangerang","KLINIK SAHABAT","Klinik","ALERGINE TABLET SALUT","ETIKAL",1,"DUS",2337.5
"IN6277","2022-04-28","Jakarta","KLINIK GM","Klinik","PARACETAMOL","SLCYL",34,"DUS",6940.3
"IN6278","2022-01-30","Lampung","KLINIK DR. ANDRI","Klinik","TRAMADOL KAPSUL 50 MG","VNS",14,"DUS",6940.3
"IN6279","2022-01-30","Lampung","KLINIK DR. ANDRI","Klinik","TRAMADOL KAPSUL 50 MG","VNS",20,"DUS",6940.3
"IN6280","2022-01-23","Tangerang","KLINIK SAHABAT","Klinik","KLORPROMAZINA TABLET SALUT SELAPUT 100 MG","SLCYL",1,"DUS",5648.3
"IN6281","2022-01-30","Bekasi","APOTEK SINAR JAYA","Apotek","KETOCONAZOLE TABLET 200 MG","OGB & PH",10,"DUS",2819.2
"IN6282","2022-05-28","Kuningan","APOTEK MAJA","Apotek","TRAMADOL KAPSUL 50 MG","VNS",9,"DUS",8700.7
"IN6283","2022-05-19","Lampung","KLINIK DR. ANDRI","Klinik","KLORPROMAZINA TABLET SALUT SELAPUT 100 MG","SLCYL",10,"DUS",5648.3
"IN6284","2022-01-23","Bandung","APOTEK MERDEKA","Apotek","ACYCLOVIR DUS","OGB & PH",76,"DUS",1169.91
"IN6285","2022-05-15","Tangerang","KLINIK SAHABAT","Klinik","ACYCLOVIR DUS","OGB & PH",130,"DUS",4592.1
"IN6286","2022-01-23","Padang","APOTEK SAHABAT","Apotek","AMPICILLIN","MARCKS",120,"DUS",5780.7
"IN6287","2022-01-30","Tangerang","KLINIK SAHABAT","Klinik","ALERGINE TABLET SALUT","ETIKAL",17,"DUS",2337.5
"IN6288","2022-06-06","Jakarta","KLINIK GM","Klinik","AMPICILLIN","MARCKS",17,"DUS",10690.6
"IN6289","2022-01-23","Aceh","APOTEK TAPAK","Apotek","AMPICILLIN","MARCKS",25,"DUS",10690.6
"IN6290","2022-03-22","Jakarta","KLINIK GM","Klinik","AMPICILLIN","MARCKS",67,"DUS",10690.6
"IN6291","2022-02-01","Tangerang","KLINIK SAHABAT","Klinik","PARACETAMOL","SLCYL",11,"DUS",6940.3
"IN6292","2022-01-28","Bekasi","APOTEK SINAR JAYA","Apotek","ALERGINE TABLET SALUT","ETIKAL",10,"DUS",3991.9
"IN6293","2022-02-01","Tangerang","KLINIK SAHABAT","Klinik","PARACETAMOL","SLCYL",4,"DUS",6940.3
"IN6294","2022-05-03","Kuningan","APOTEK MAJA","Apotek","ALERGINE TABLET SALUT","ETIKAL",98,"DUS",2337.5
"IN6295","2022-05-22","Bandung","APOTEK MERDEKA","Apotek","TRAMADOL KAPSUL 50 MG","VNS",8,"DUS",8700.7
"IN6296","2022-06-09","Bekasi","APOTEK SINAR JAYA","Apotek","KETOCONAZOLE TABLET 200 MG","OGB & PH",12,"DUS",2819.2
"IN6297","2022-01-20","Kuningan","APOTEK MAJA","Apotek","ALERGINE TABLET SALUT","ETIKAL",5,"DUS",2337.5
"IN6298","2022-05-21","Jakarta","KLINIK GM","Klinik","AMPICILLIN","MARCKS",4,"DUS",10690.6
"IN6299","2022-01-27","Lampung","KLINIK DR. ANDRI","Klinik","KLORPROMAZINA TABLET SALUT SELAPUT 100 MG","SLCYL",12,"DUS",5648.3
"IN6300","2022-02-01","Aceh","APOTEK TAPAK","Apotek","TETRACYCLINE KAPSUL 250 MG","MARCKS",22,"DUS",3991.9
"IN6301","2022-02-01","Padang","APOTEK SAHABAT","Apotek","TRAMADOL KAPSUL 50 MG","VNS",12,"DUS",8700.7
"IN6302","2022-02-23","Bekasi","APOTEK SINAR JAYA","Apotek","KETOCONAZOLE TABLET 200 MG","OGB & PH",120,"DUS",2819.2
"IN6303","2022-01-28","Jakarta","KLINIK GM","Klinik","PARACETAMOL","SLCYL",95,"DUS",6940.3
"IN6304","2022-04-30","Bandung","APOTEK MERDEKA","Apotek","AMBROXOL HC","VNS",44,"DUS",5780.7
"IN6305","2022-01-30","Kuningan","APOTEK MAJA","Apotek","TRAMADOL KAPSUL 50 MG","VNS",14,"DUS",8700.7
"IN6306","2022-01-27","Bekasi","APOTEK SINAR JAYA","Apotek","ACYCLOVIR DUS","OGB & PH",45,"DUS",1169.91
"IN6307","2022-01-23","Kuningan","APOTEK MAJA","Apotek","ERGOTAMINE COFFEINE","ETIKAL",14,"DUS",4592.1
"IN6308","2022-01-23","Kuningan","APOTEK MAJA","Apotek","ERGOTAMINE COFFEINE","ETIKAL",67,"DUS",4592.1
"IN6309","2022-04-26","Aceh","APOTEK TAPAK","Apotek","TETRACYCLINE KAPSUL 250 MG","MARCKS",45,"DUS",3991.9
"IN6310","2022-04-30","Padang","APOTEK SAHABAT","Apotek","TRAMADOL KAPSUL 50 MG","VNS",14,"DUS",8700.7
"IN6311","2022-01-23","Kuningan","APOTEK MAJA","Apotek","ERGOTAMINE COFFEINE","ETIKAL",7,"DUS",4592.1
"IN6312","2022-05-02","Aceh","APOTEK TAPAK","Apotek","KETOCONAZOLE TABLET 200 MG","OGB & PH",34,"DUS",2819.2
"IN6313","2022-04-20","Bandung","APOTEK MERDEKA","Apotek","ACYCLOVIR DUS","OGB & PH",24,"DUS",1169.91
"IN6314","2022-01-28","Bekasi","APOTEK SINAR JAYA","Apotek","ALERGINE TABLET SALUT","ETIKAL",45,"DUS",3991.9
"IN6315","2022-04-21","Kuningan","APOTEK MAJA","Apotek","TRAMADOL KAPSUL 50 MG","VNS",14,"DUS",8700.7
"IN6316","2022-04-19","Bekasi","APOTEK SINAR JAYA","Apotek","AMPICILLIN","MARCKS",120,"DUS",10690.6
"IN6317","2022-01-23","Aceh","APOTEK TAPAK","Apotek","AMPICILLIN","MARCKS",10,"DUS",10690.6
"IN6318","2022-01-23","Aceh","APOTEK TAPAK","Apotek","AMPICILLIN","MARCKS",22,"DUS",10690.6
"IN6319","2022-02-11","Kuningan","APOTEK MAJA","Apotek","TRAMADOL KAPSUL 50 MG","VNS",98,"DUS",8700.7
"IN6320","2022-02-01","Bandung","APOTEK MERDEKA","Apotek","KETOCONAZOLE TABLET 200 MG","OGB & PH",67,"DUS",2819.2
"IN6321","2022-01-31","Aceh","APOTEK TAPAK","Apotek","ACYCLOVIR DUS","OGB & PH",22,"DUS",1169.91
"IN6322","2022-01-31","Bandung","APOTEK MERDEKA","Apotek","AMBROXOL HC","VNS",17,"DUS",5780.7
"IN6323","2022-01-30","Lampung","KLINIK DR. ANDRI","Klinik","TRAMADOL KAPSUL 50 MG","VNS",6,"DUS",6940.3
"IN6324","2022-06-10","Padang","APOTEK SAHABAT","Apotek","ERGOTAMINE COFFEINE","ETIKAL",25,"DUS",4592.1
"IN6325","2022-01-28","Padang","APOTEK SAHABAT","Apotek","ALERGINE TABLET SALUT","ETIKAL",9,"DUS",2337.5
"IN6326","2022-01-31","Bandung","APOTEK MERDEKA","Apotek","AMBROXOL HC","VNS",4,"DUS",5780.7
"IN6327","2022-01-27","Kuningan","APOTEK MAJA","Apotek","AMBROXOL HC","VNS",25,"DUS",5780.7
